id,prompt,completion
0,Where can I find all-you-can-eat buffets in the area?,'Feast Haven Buffet' and 'Buffet Bonanza' are popular spots for all-you-can-eat buffets with a wide variety of dishes.
1,Tell me about the best place to get gelato.,'Gelato Bliss' is the go-to place for delicious and authentic Italian gelato. Their flavors are sure to satisfy your sweet tooth.
2,What's the best place for traditional breakfast dishes?,"'Homestyle Breakfast Haven' is known for its traditional breakfast options, including hearty classics like pancakes, bacon, and eggs."
3,Recommend a restaurant with a tasting menu.,"'Epicurean Tasting Room' offers a delightful tasting menu, allowing you to savor a variety of carefully crafted dishes."
4,suggest some Italian restaurants with good pasta,"Certainly! Here are the top 3 Italian restaurants known for their delicious pasta:
1. Italian Pasta Paradise
2. Pasta Delight
3. Bella Italia Ristorante"
5,any Mexican restaurants nearby?,"Absolutely! Let me find some Mexican restaurants for you. Here are 3 highly-rated ones:
1. Tacos Y Salsas
2. El Burrito Loco
3. La Fiesta Mexicana"
6,show me pizza places in the city center,"Sure thing! Here are 5 pizza places in the city center:
1. City Slice Pizzeria
2. Downtown Pizza Haven
3. Pizza Central
4. Urban Pizza Co.
5. City Plaza Pizzeria"
7,which Thai restaurant has the best Pad Thai?,"For the best Pad Thai, you should try Thai Spice House. Reviews rave about their authentic flavors and generous portions of Pad Thai noodles."
8,recommend a seafood restaurant with good reviews,"Sure, here is a highly-rated seafood restaurant:
1. Ocean Delight Seafood
2. Seafood Sensation
3. Captain's Catch Seafood Grill"
19,Recommend a good place for a business lunch.,"For a business lunch, I suggest 'Executive Eats.' It has a quiet atmosphere and a diverse menu suitable for professional meetings."
20,Any restaurants with live music performances tonight?,Certainly! 'Melody Grill' and 'Jazz Junction' often have live music performances. Check them out for a musical dining experience.
21,Tell me about the best place for authentic street food.,"If you're into authentic street food, 'Street Flavors Corner' is the go-to place. Locals love their diverse and flavorful street food options."
22,Is there a restaurant with a rooftop terrace and a view?,"Yes, 'Skyview Bistro' offers a stunning rooftop terrace with panoramic views. It's a great choice for a scenic dining experience."
23,Any good BBQ joints around here?,'Smokehouse Grill' and 'BBQ Delight' are two excellent BBQ joints known for their mouthwatering barbecue dishes.
24,Recommend a place with a variety of international cuisines.,"Sure! 'Global Bites Plaza' is known for its diverse international menu, offering dishes from various cuisines around the world."
25,Suggest a budget-friendly restaurant with good reviews.,"For a budget-friendly option with positive reviews, try 'EconoEats Haven.' It offers delicious meals without breaking the bank."
26,Are there any all-you-can-eat buffets in the area?,"Yes, 'Buffet Bonanza' and 'Feast Frenzy' are popular all-you-can-eat buffets where you can enjoy a variety of dishes."
27,Tell me about the best seafood restaurant with outdoor seating.,'Seaside Catch' is renowned for its fresh seafood and outdoor seating with a view of the waterfront.
28,Any healthy salad places nearby?,'Green Crunch Salads' and 'Salad Sensations' are two places known for their healthy and delicious salad options.
29,What's the best place for a date night dinner?,'Romantic Eats Bistro' is perfect for a date night. It offers a romantic atmosphere and a menu designed for a special evening.
30,Suggest a restaurant for a celebration with a large group.,'Celebration Central' is equipped to handle large groups and offers a festive atmosphere for special occasions.
31,Any famous dessert places with unique sweet treats?,'Sweet Innovations' is known for its unique and delightful dessert creations. It's a must-visit for those with a sweet tooth.
32,Tell me about the best steakhouse in the city.,"'Prime Cuts Steakhouse' is widely regarded as the best steakhouse, known for its high-quality cuts and expert preparation."
33,Are there any restaurants with a kids' play area?,"'Family Fun Bites' and 'Playful Plates' have dedicated play areas for kids, making them ideal for family dining."
34,Is there a restaurant that offers cooking classes?,"Certainly! 'Culinary Creations Academy' offers cooking classes, allowing you to learn and enjoy a delicious meal."
35,Any vegan restaurants with a variety of plant-based options?,'Green Haven Vegan' and 'Plant-Based Paradise' are known for their extensive menus featuring diverse and delicious vegan options.
36,Tell me about the best coffee shop with cozy seating.,"'Cozy Beans Café' is praised for its comfortable seating and cozy ambiance, making it an excellent spot for coffee lovers."
37,Suggest a restaurant with a view of the sunset.,'Sunset Vista Grill' offers a stunning view of the sunset. It's a great place to enjoy a meal while watching the sun go down.
38,Any fusion restaurants combining different cuisines?,"'Fusion Flavors Hub' specializes in blending various cuisines, offering a unique and exciting culinary experience."
39,Tell me about the best bakery for fresh pastries.,'Freshly Baked Delights' is renowned for its delicious and fresh pastries. It's a perfect stop for pastry enthusiasts.
40,Are there any farm-to-table restaurants in the area?,"'Harvest Table Bistro' follows a farm-to-table concept, ensuring fresh and locally sourced ingredients in their dishes."
41,Recommend a restaurant with a private dining room.,"'Private Elegance Dining' offers private dining rooms, providing an intimate setting for special occasions."
42,Any restaurants offering a Sunday brunch buffet?,'Brunch Bliss Buffet' is known for its indulgent Sunday brunch buffet. It's a popular choice for a leisurely brunch experience.
43,Suggest a place for a quick lunch on a busy workday.,'Express Bites Café' is perfect for a quick lunch. They offer a variety of fast and tasty options for those on a tight schedule.
44,Tell me about the best place for late-night snacks.,"'Midnight Munchies Spot' is open late and offers a range of delicious snacks, perfect for satisfying late-night cravings."
45,Any recommendations for a cozy winter-themed café?,"'Winter Warmth Café' embraces a cozy winter theme, complete with seasonal decorations and comforting hot beverages."
46,Is there a restaurant with a chef's tasting menu?,"'Chef's Palette' offers a delightful chef's tasting menu, allowing you to experience a variety of expertly crafted dishes."
47,Suggest a place with a diverse cocktail menu.,"'Cocktail Haven' is known for its diverse cocktail menu, featuring creative and well-crafted drinks for cocktail enthusiasts."
48,Are there any hidden gem restaurants known for local cuisine?,'Local Flavors Gem' is a hidden gem known for its authentic local cuisine. It's a favorite among those seeking a genuine culinary experience.
49,Tell me about the best place for a Sunday family brunch.,"'Family Brunch Haven' offers a delightful Sunday brunch experience, perfect for families looking to enjoy a leisurely meal together."
50,Any restaurants with outdoor seating and a fireplace?,"'Fireside Terrace' combines outdoor seating with a fireplace, creating a cozy and inviting atmosphere for diners."
51,Suggest a restaurant with a view of the city skyline.,"'Skyline Elegance' offers a breathtaking view of the city skyline, making it an ideal choice for a memorable dining experience."
52,Tell me about the best place for a group dinner party.,"'Group Gatherings Grill' is well-suited for group dinner parties, offering a spacious and lively setting for celebrations."
53,Any dog-friendly restaurants with outdoor seating?,"'Paws and Plates Café' welcomes dogs and offers outdoor seating, making it a pet-friendly choice for dining."
54,Recommend a place for a casual weekend brunch.,"'Casual Brunch Spot' is perfect for a laid-back weekend brunch, serving up delicious and comforting brunch options."
55,Tell me about the best place for a pre-theater dinner.,"'Theatergoer's Feast' is conveniently located for a pre-theater dinner, offering a quick and delicious dining experience."
56,Are there any interactive dining experiences in town?,"'Interactive Eats Hub' offers unique interactive dining experiences, making your meal not only delicious but also entertaining."
57,Suggest a place for a weekend brunch with bottomless mimosas.,"'Mimosa Mania Brunch' is known for its weekend brunch featuring bottomless mimosas, adding a festive touch to your brunch experience."
58,Tell me about the best place for a quick takeout lunch.,"'Speedy Bites To-Go' is perfect for a quick takeout lunch, providing fast and tasty options for those on the go."
59,Any restaurants with a rotating menu based on seasonal ingredients?,"'Seasonal Selections Bistro' offers a rotating menu based on seasonal ingredients, ensuring freshness and variety in every dish."
60,Recommend a place with a wine list featuring local wineries.,"'Local Vineyard Vintages' has a wine list featuring selections from local wineries, providing a taste of the region's best wines."
61,Tell me about the best place for a Sunday brunch buffet.,"'Sunday Feast Buffet' is renowned for its indulgent Sunday brunch buffet, offering a wide array of delicious options."
62,Suggest a restaurant with a garden for outdoor dining.,"'Garden Grove Eatery' offers outdoor dining in a charming garden setting, providing a tranquil and enjoyable atmosphere."
63,Any recommendations for a trendy rooftop bar?,'Sky Lounge Trends' is a trendy rooftop bar known for its stylish ambiance and panoramic views of the city.
64,Is there a place with a specialty dessert menu?,"'Sweet Indulgences Café' specializes in desserts, offering a menu filled with delectable and unique sweet treats."
65,Tell me about the best place for a Sunday brunch with live music.,"'Melodic Brunch Café' combines a delightful Sunday brunch with live music, creating a lively and enjoyable experience."
66,Any recommendations for a restaurant with a fireplace?,"'Fireside Dining Haven' features a cozy fireplace, creating a warm and inviting atmosphere for diners."
67,Suggest a place for a romantic dinner with a waterfront view.,'Romantic Waterside Dining' offers a romantic dinner experience with a stunning waterfront view.
68,Tell me about the best place for a casual lunch with outdoor seating.,'Breezy Bites Café' is perfect for a casual lunch with its outdoor seating and relaxed atmosphere.
69,Are there any restaurants with a rotating sushi conveyor belt?,"'Sushi Carousel' offers a unique dining experience with a rotating sushi conveyor belt, allowing diners to pick their favorite dishes."
70,Recommend a place with a chef's special tasting menu.,"'Chef's Specialties Delight' offers a chef's special tasting menu, featuring curated dishes for a culinary adventure."
71,Tell me about the best place for a family-friendly dinner.,'Family Fare Favorites' is known for its family-friendly atmosphere and a menu that caters to all ages.
72,Any recommendations for a restaurant with live cooking demonstrations?,"'Culinary Showcase Venue' offers live cooking demonstrations, allowing diners to witness the artistry of culinary creations."
73,Suggest a place for a themed dinner experience.,"'Themed Eats Oasis' offers a unique themed dinner experience, transporting diners to a different culinary world."
74,Tell me about the best place for a Sunday brunch with bottomless Bloody Marys.,'Bloody Mary Brunch Haven' is known for its Sunday brunch featuring bottomless Bloody Marys for a lively brunch experience.
75,Any recommendations for a restaurant with a live DJ?,"'DJ Groove Bistro' features a live DJ, creating a vibrant atmosphere for diners looking for a musical dining experience."
76,Is there a restaurant known for its homemade pasta?,"'Nonna's Noodles' is famous for its homemade pasta dishes, crafted with traditional recipes and fresh ingredients."
77,I want food.,I am here to help. Let's get started with some questions. What type of food are you looking for?
78,i want chinese,"Of course, let me pull up a list of Chinese restaurants in the area. Here is a list of 3 Chinese restaurants ranked by reviews.
1. Chinese Restaurant1
2. Chinese Restaurant2
3. Chinese Restaurant3"
79,give me more options,"Sure. Here is a list of 10 Chinese restaurants ranked by reviews.
1. Chinese Restaurant1
2. Chinese Restaurant2
3. Chinese Restaurant3
4. Chinese Restaurant4
5. Chinese Restaurant5
6. Chinese Restaurant6
7. Chinese Restaurant7
8. Chinese Restaurant8
9. Chinese Restaurant9
10. Chinese Restaurant10"
80,is chinese restaurant5 vegan friendly?,"Based on the reviews, Chinese Restaurant5 is not vegan friendly. However, Chinese Restaurant3 is a good alternative. Reviews mention a vegan-friendly tofu with mixed vegetables."
81,Tell me more about the vegan options at Chinese Restaurant3.,"Certainly! Chinese Restaurant3 offers a variety of vegan options, including tofu dishes, vegetable stir-fries, and vegan spring rolls."
82,What are the reviews specifically saying about the vegan spring rolls?,The reviews highlight the vegan spring rolls at Chinese Restaurant3 as a customer favorite. They mention a perfect balance of crispiness and flavorful vegetable fillings.
83,Do they have gluten-free options as well?,"Yes, Chinese Restaurant3 also offers gluten-free options. You can enjoy gluten-free versions of some of their popular dishes, including gluten-free noodles and rice."
84,Tell me more about the gluten-free noodles. Are they rice noodles or a different type?,"The gluten-free noodles at Chinese Restaurant3 are made from rice flour, providing a tasty alternative for those with gluten sensitivities. Customers praise their texture and flavor."
85,Are there any other restaurants nearby with both vegan and gluten-free options?,Certainly! 'Healthy Haven' and 'Veggie Delight' are two nearby restaurants known for offering a variety of dishes with both vegan and gluten-free options.
86,Which one of them has a better dessert menu?,"'Veggie Delight' is renowned for its diverse and delicious vegan and gluten-free desserts, including cakes, cookies, and fruit sorbets."
87,Can you recommend a specific dessert from 'Veggie Delight' that's a customer favorite?,"Certainly! The chocolate avocado mousse at 'Veggie Delight' is a customer favorite. It's rich, creamy, and has the perfect balance of sweetness."
88,What are the opening hours of 'Veggie Delight'?,'Veggie Delight' is open from 11:00 AM to 9:00 PM on weekdays and from 12:00 PM to 8:00 PM on weekends. They also offer online ordering for convenience.
89,Do they have outdoor seating for customers who prefer dining outside?,"Yes, 'Veggie Delight' has a charming outdoor seating area where you can enjoy your meal in a relaxed and natural setting."
90,Tell me more about the ambiance of the outdoor seating area. Is it suitable for a casual meetup?,"The outdoor seating area at 'Veggie Delight' has a casual and laid-back ambiance, making it a perfect spot for a casual meetup or a leisurely meal."
91,Can I make a reservation for outdoor seating? How busy does it usually get?,"Yes, 'Veggie Delight' accepts reservations for outdoor seating. It's advisable to make a reservation, especially during peak hours, to ensure you get a spot in the bustling outdoor area."
92,What's the best way to make a reservation? Can I do it online?,You can easily make a reservation at 'Veggie Delight' by calling the restaurant directly or using their online reservation system on their official website.
93,Are there any special promotions or discounts available for online reservations?,"Yes, 'Veggie Delight' occasionally offers special promotions or discounts for customers who make online reservations. It's a great way to enjoy some savings while planning your visit."
94,Tell me more about the loyalty program at 'Veggie Delight'. Are there any perks for frequent customers?,"Certainly! 'Veggie Delight' has a loyalty program where frequent customers can earn points for each visit, redeemable for discounts, free desserts, and other exclusive perks."
95,How can I sign up for the loyalty program? Is there a membership fee?,Signing up for the loyalty program at 'Veggie Delight' is free of charge. You can easily enroll by providing your contact information either online or at the restaurant during your visit.
96,Do they offer catering services for events or parties?,"Yes, 'Veggie Delight' offers catering services for events and parties. You can choose from a variety of catering packages to suit the size and preferences of your gathering."
97,Can I customize the catering menu to include specific vegan and gluten-free options?,"Absolutely! 'Veggie Delight' provides flexibility in customizing the catering menu to include specific vegan and gluten-free options, ensuring a diverse and inclusive spread for your event."
98,What's the average delivery time for online orders from 'Veggie Delight'?,"The average delivery time for online orders from 'Veggie Delight' is approximately 30 to 45 minutes, depending on the distance and order volume."
99,"Are there any delivery fees, and do they deliver to my specific location?","'Veggie Delight' may have a nominal delivery fee, and delivery availability depends on your specific location. You can check the delivery area and fees during the online ordering process."
100,What's the contact number for 'Veggie Delight' customer service in case I have more questions?,You can reach 'Veggie Delight' customer service at (555) 123-4567. Feel free to call if you have any more questions or need assistance.
101,Can you recommend any other vegan and gluten-free restaurants in the area for a diverse dining experience?,'Green Cuisine Haven' and 'Gluten-Free Delights Corner' are two other excellent options known for their diverse menus with vegan and gluten-free offerings.
102,Tell me more about the atmosphere at 'Green Cuisine Haven'. Is it more casual or upscale?,"'Green Cuisine Haven' has a casual and welcoming atmosphere, making it a popular choice for those looking for a relaxed and friendly dining experience."
103,What are some signature dishes at 'Gluten-Free Delights Corner' that I should try?,"At 'Gluten-Free Delights Corner,' their signature dishes include a delicious quinoa bowl, gluten-free pasta with homemade sauce, and a variety of gluten-free desserts."
104,Do any of these restaurants have a happy hour with special deals?,'Green Cuisine Haven' occasionally offers a happy hour with special deals on select appetizers and drinks. It's a great time to enjoy some savings while sampling their menu.
105,What's the most popular dish among customers at 'Gluten-Free Delights Corner'?,"Customers at 'Gluten-Free Delights Corner' particularly rave about their quinoa bowl, which is a flavorful and nutritious option enjoyed by many."
106,Tell me about the staff at 'Green Cuisine Haven'. Are they known for their friendly service?,"Yes, the staff at 'Green Cuisine Haven' is known for providing friendly and attentive service, creating a positive dining experience for customers."
107,Are there any events or themed nights at these restaurants that I should be aware of?,"'Green Cuisine Haven' occasionally hosts themed nights, such as live music evenings or special menu events. It's worth checking their event calendar for any upcoming happenings."
108,What's the parking situation like at 'Gluten-Free Delights Corner'?,"'Gluten-Free Delights Corner' offers ample parking space for customers, making it convenient for those arriving by car. They also provide bike racks for cyclists."
109,Can I bring my own wine to 'Green Cuisine Haven'?,"Yes, 'Green Cuisine Haven' allows customers to bring their own wine. They may charge a corkage fee, so it's advisable to check with the staff when making a reservation."
110,Tell me about the outdoor seating area at 'Gluten-Free Delights Corner'. Is it pet-friendly?,"The outdoor seating area at 'Gluten-Free Delights Corner' is pet-friendly, making it a great spot to enjoy a meal with your furry friend."
111,What's the chef's specialty at 'Green Cuisine Haven'?,"The chef's specialty at 'Green Cuisine Haven' is a mouthwatering roasted vegetable platter, showcasing the chef's expertise in creating flavorful and visually appealing dishes."
112,Can I book a private event or celebration at 'Gluten-Free Delights Corner'?,"Certainly! 'Gluten-Free Delights Corner' has private event spaces available for booking, making it a suitable venue for celebrations, gatherings, and special occasions."
